sn,seglen
1,1460
1461,1460
2921,1460
4381,1460
5841,1460
7301,892
8193,1460
9653,1460
11113,1460
12573,1460
14033,1460
15493,892
16385,1460
17845,1460
19305,1460
20765,1460
22225,1460
23685,892
24577,1460
26037,1460
27497,1460
28957,1460
30417,1460
31877,892
32769,1460
34229,1460
35689,1460
37149,1460
38609,1460
40069,892
40961,1460
42421,1460
43881,1460
45341,1460
46801,1460
48261,892
49153,1460
50613,1460
52073,1460
53533,1460
54993,1460
56453,892
57345,1460
58805,1460
60265,1460
64645,892
65537,0
65537,1460
66997,1460
68457,1460
69917,1460
71377,1460
72837,892
61725,1460
63185,1460
73729,1460
75189,1460
76649,1460
78109,1460
79569,1460
81029,892
81921,1460
83381,1460
84841,1460
86301,1460
87761,1460
89221,892
91573,1460
93033,1460
94493,1460
95953,1460
97413,892
90113,1460
98305,1460
101225,1460
102685,1460
104145,1460
105605,892
106497,1460
107957,1460
109417,1460
110877,1460
112337,1460
114689,1460
116149,1460
117609,1460
119069,1460
120529,1460
113797,892
99765,1460
121989,1460
123449,1460
126369,1460
127829,1460
129289,1460
130749,1460
132209,1460
133669,1460
135129,1460
136589,1460
138049,1460
140969,1460
142429,1460
124909,1460
143889,1460
145349,1460
146809,1460
139509,1460
148269,1460
149729,1460
151189,1460
152649,1460
154109,1460
155569,1460
158489,1460
161409,1460
162869,1460
164329,1460
165789,1460
167249,1460
168709,1460
157029,1460
159949,1460
170169,1460
171629,404
172033,1460
173493,1460
176413,1460
177873,1460
179333,892
174953,1460
180225,1460
181685,1460
183145,1460
184605,1460
186065,1460
187525,892
188417,1460
189877,1460
191337,1460
192797,1460
194257,1460
198069,1460
199529,1460
200989,1460
202449,1460
203909,892
195717,1460
197177,892
204801,1460
206261,1460
210641,1460
212101,892
212993,1460
207721,1460
209181,1460
214453,1460
215913,1460
217373,1460
218833,1460
220293,892
221185,1460
222645,1460
224105,1460
225565,1460
227025,1460
228485,892
229377,1460
230837,1460
232297,1460
233757,1460
235217,1460
236677,892
237569,1460
239029,1460
240489,1460
241949,1460
243409,1460
244869,892
245761,1460
247221,1460
248681,1460
250141,1460
253061,892
253953,1460
255413,1460
256873,1460
258333,1460
259793,1460
261253,892
251601,1460
262145,1460
265065,1460
266525,1460
267985,1460
269445,892
263605,1460
263605,1460
270337,1460
271797,1460
273257,1460
274717,1460
276177,1460
277637,892
278529,1460
279989,1460
281449,1460
282909,1460
284369,1460
285829,1226
287055,1460
288515,1460
291435,1460
292895,1460
294355,1460
295815,1460
297275,1460
298735,1460
300195,1460
289975,1460
301655,1460
303115,1460
304575,1460
306035,1460
307495,1460
308955,1460
310415,939
311354,1460
312814,1460
314274,1460
317194,1460
318654,1097
321211,1460
322671,1460
324131,1460
325591,1460
327051,1460
315734,1460
328511,1460
329971,1460
319751,1460
331431,1460
332891,1460
334351,1460
335811,1460
337271,1460
338731,1460
340191,1460
341651,1460
343111,1460
344571,1460
346031,1460
347491,1460
348951,1460
350411,1460
351871,790
352661,1460
354121,1460
355581,1460
357041,1460
358501,1460
360708,1460
362168,1460
363628,1460
365088,1460
368008,1460
369468,1460
370928,1460
372388,1460
373848,1460
375308,1460
376768,1460
359961,1460
366548,1460
378228,1460
379688,1460
384068,1460
385528,1460
386988,1460
388448,1460
389908,1460
391368,1460
392828,389
381148,1460
382608,1460
393217,1460
394677,1460
396137,1460
397597,1460
400517,892
401409,1460
402869,1460
404329,1460
405789,1460
407249,1460
399057,1460
408709,1460
410169,1460
411629,1460
413089,1460
414549,1460
416009,1460
417469,1460
418929,1460
420389,1460
421849,1460
423309,1460
424769,1460
426229,1460
427689,1460
429149,1460
430609,1460
432069,1460
433529,1055
434584,1460
436044,1460
437504,1460
438964,1460
440424,1460
441884,819
442703,1460
444163,1460
445623,1460
447083,1460
448543,1460
450003,1460
451463,1460
452923,1460
454383,1460
455843,1460
457303,1460
458763,1460
460223,1460
461683,1460
463143,1460
464603,1460
466063,882
466945,1460
468405,1460
469865,1460
471325,1460
472785,1460
474245,892
478057,1460
479517,1460
480977,1460
482437,892
475137,1460
476597,1460
483329,1460
484789,1460
489169,1460
490629,892
491521,1460
492981,1460
494441,1460
495901,1460
497361,1460
486249,1460
487709,1460
498821,892
499713,1460
501173,1460
504093,1460
505553,1460
507013,892
509365,1460
510825,1460
502633,1460
512285,1460
513745,1460
507905,250
508155,1210
515205,892
516097,1460
517557,1460
519017,1460
521937,1460
523397,892
524289,1460
525749,1460
520477,1460
527209,1460
528669,1460
530129,1460
531589,892
532481,1460
533941,1460
535401,1460
538321,1460
539781,892
540673,1460
542133,1460
536861,1460
543593,1460
545053,1460
546513,1460
547973,892
548865,1460
550325,1460
551785,1460
553245,1460
554705,1460
556165,892
557057,1460
558517,1460
559977,1460
561437,1460
562897,1460
564357,892
565249,1460
566709,1460
568169,1460
569629,1460
571089,1460
573441,1460
574901,1460
576361,1460
579281,1460
580741,892
572549,1460
577821,1460
581633,1460
583093,1460
584553,1460
586013,1460
587473,1460
588933,1460
590393,1460
591853,1460
593313,1460
594773,1460
596233,1460
597693,1460
599153,1460
600613,1460
602073,1460
603533,1460
604993,1410
606403,1460
607863,1460
609323,1460
610783,1460
612243,1460
613703,1159
614862,1460
616322,1460
617782,1460
619242,1460
620702,1460
622162,1460
623622,1460
625082,1460
626542,1460
628002,1460
629462,1460
630922,1460
632382,1460
633842,1460
635302,1460
636762,1460
638222,1005
639227,1460
640687,1460
643607,1460
645067,1460
648629,1460
650089,1460
651549,1460
653009,1460
654469,892
642147,1460
646527,1460
647987,642
647987,1460
647987,1460
655361,1460
656821,1460
658281,1460
659741,1460
662661,1460
664121,1460
665581,1460
667041,1460
668501,1460
669961,1460
671421,1460
672881,1460
674341,1460
675801,1460
677261,1460
678721,1460
681641,1460
683101,1460
661201,1460
686021,1460
680181,1460
684561,1460
687481,1460
690401,1460
693321,1460
696241,486
696727,1460
698187,1460
688941,1460
691861,1460
699647,1460
694781,1460
701107,1460
702567,1460
704027,1460
705487,1460
706947,1460
708407,1460
709867,1460
711327,1460
712787,1460
714247,1460
715707,1460
717167,1460
718627,1460
720087,1460
721547,1460
723007,1460
724467,1460
725927,1460
727387,1460
728847,401
729248,1460
730708,1460
732168,1460
736548,965
737513,1460
738973,1460
740433,1460
741893,1460
744813,1337
746150,1460
733628,1460
735088,128
747610,1460
749070,1460
750530,1460
743353,1460
751990,1460
753450,1460
754910,1460
756370,1460
757830,1460
735216,1460
760750,1460
759290,1460
762210,1460
763670,1460
766590,1460
768050,1460
769510,1460
770970,1460
772430,1460
773890,1460
765130,1460
775350,1460
776810,1460
778270,1460
779730,1460
781190,1460
782650,1460
784110,1460
785570,1460
787030,1460
788490,1460
789950,1460
791410,1460
792870,1460
794330,778
798028,1460
799488,1460
800948,1460
802408,409
795108,1460
796568,1460
796568,1460
796568,1460
802817,1460
804277,1460
805737,1460
807197,1460
808657,1460
810117,1460
811577,1460
813037,1460
814497,1460
815957,1460
817417,1460
818877,1460
820337,1460
821797,1460
823257,1460
824717,1460
826177,1372
827549,1460
829009,1460
830469,1460
831929,1460
833389,1460
834849,1010
835859,1460
837319,1460
840239,1460
841699,1460
843159,825
843984,1460
845444,1460
846904,1460
848364,1460
849824,1460
851284,1460
852744,1460
838779,1460
854204,1460
855664,1460
858584,1460
860044,1460
864424,1460
865884,1460
857124,1460
861504,1460
867344,1460
868804,1460
862964,1460
862964,1460
870264,1460
873184,1460
874644,1460
876104,1460
877564,1460
879024,1460
880484,1460
881944,1460
871724,1460
883404,1460
884864,1460
887784,1460
889244,1460
890704,1460
892164,1121
894745,1460
886324,1460
893285,1460
897665,1460
899125,1460
896205,1460
899125,1460
900585,1460
902045,1460
903505,1460
904965,1460
906425,1460
907885,1460
909345,1460
910805,1460
912265,1460
913725,1460
915185,1460
916645,1460
918105,1460
919565,1460
922485,1460
925405,300
927165,1460
928625,1460
930085,1460
921025,1460
923945,1460
925705,1460
931545,1460
934465,1460
935925,1460
938845,1460
940305,1460
933005,1460
941765,1460
937385,1460
943225,1460
944685,1460
946145,1460
947605,1460
949065,1460
950525,1460
951985,1460
954905,1460
956365,1460
957825,1460
959285,1460
960745,1460
953445,1460
962205,1460
963665,1460
965125,1460
966585,1460
968045,1460
969505,1460
970965,1460
972425,1460
973885,1460
976805,1460
978265,1460
979725,1460
981185,1460
982645,1460
984105,1460
985565,1460
975345,1460
987025,1460
988485,1460
989945,1460
992865,1460
994325,1460
995785,1460
997245,1460
998705,1460
991405,1460
1000165,1460
1001625,1460
1003085,1460
1004545,1460
1006005,1460
1007465,152
1007617,1460
1009077,1460
1010537,1460
1011997,1460
1013457,1460
1014917,892
1015809,1460
1017269,1460
1018729,1460
1020189,1460
1021649,1460
1023109,892
1024001,1460
1025461,1460
1026921,1460
1028381,1460
1029841,1460
1031301,892
1032193,1460
1033653,1460
1035113,1460
1036573,1460
1038033,1460
1039493,892
1040385,1460
1041845,1460
1043305,1460
1044765,1460
1046225,1460
1047685,892
1048577,1460
1050037,1460
1051497,1460
1052957,1460
1054417,1460
1055877,892
1056769,1460
1058229,1460
1059689,1460
1061149,1460
1062609,1460
1064069,892
1064961,1460
1066421,1460
1067881,1460
1069341,1460
1070801,1460
1072261,892
1073153,1460
1074613,1460
1076073,1460
1077533,1460
1078993,1460
1080453,892
1081345,1460
1082805,1460
1084265,1460
1087185,1460
1088645,892
1089537,1460
1092457,1460
1093917,1460
1095377,1460
1096837,892
1085725,1460
1090997,1460
1097729,1460
1099189,1460
1100649,1460
1102109,1460
1103569,1460
1107381,1460
1108841,1460
1110301,1460
1111761,1460
1113221,892
1106489,892
1105029,1460
1114113,1460
1115573,1460
1117033,1460
1118493,1460
1119953,1460
1121413,1460
1122873,1460
1124333,1460
1125793,1460
1127253,1460
1128713,1460
1130173,1109
1131282,1460
1132742,1460
1134202,1460
1135662,1460
1137122,1460
1138582,910
1139492,1460
1140952,1460
1143872,1460
1145332,1460
1146792,454
1147246,1460
1148706,1460
1150166,1460
1151626,1460
1153086,1460
1154546,1460
1156006,1460
1157466,1460
1142412,1460
1158926,1460
1160386,1460
1161846,1460
1163306,1460
1164766,1460
1167686,1460
1169146,1460
1170606,851
1166226,1460
1171457,1460
1172917,1460
1174377,1460
1175837,1460
1178757,892
1179649,1460
1181109,1460
1182569,1460
1185489,1460
1177297,1460
1177297,1460
1177297,1460
1186949,1460
1188409,1460
1184029,1460
1189869,1460
1191329,1460
1192789,1460
1194249,1460
1195709,1460
1197169,1460
1198629,1460
1200089,1460
1201549,1460
1203009,1460
1204469,1460
1205929,1460
1207389,1460
1208849,1460
1210309,1460
1211769,849
1212618,1460
1215538,1460
1216998,1460
1218458,1460
1219918,1059
1220977,1460
1222437,1460
1223897,1460
1225357,1460
1226817,1460
1228277,1460
1229737,1460
1231197,1460
1232657,1460
1234117,1460
1235577,1460
1237037,1460
1238497,1460
1239957,1460
1241417,1460
1242877,1460
1244337,1460
1245797,1460
1247257,1460
1248717,1460
1250177,1460
1251637,1460
1214078,1460
1253097,1460
1254557,1460
1256017,1460
1257477,1460
1258937,1460
1260397,1460
1261857,1460
1263317,1460
1264777,1460
1266237,1460
1267697,1460
1269157,1460
1270617,1460
1272077,1460
1273537,1460
1276457,1460
1277917,1245
1279162,1460
1280622,1460
1282082,1460
1283542,1460
1285002,1143
1274997,1460
1286145,1460
1287605,1460
1289065,1460
1290525,1460
1291985,1460
1293445,892
1294337,1460
1295797,1460
1297257,1460
1300177,1460
1301637,892
1302529,1460
1303989,1460
1305449,1460
1306909,1460
1308369,1460
1309829,892
1298717,1460
1310721,1460
1313641,1460
1315101,1460
1316561,1460
1318021,892
1312181,1460
1318913,1460
1320373,1460
1321833,1460
1323293,1460
1324753,1460
1326213,892
1327105,1460
1328565,1460
1330025,1460
1331485,1460
1332945,1460
1334405,892
1335297,1460
1336757,1460
1338217,1460
1339677,1460
1341137,1460
1342597,892
1343489,1460
1344949,1460
1346409,1460
1349329,1460
1350789,892
1351681,1460
1354601,1460
1356061,1460
1357521,1460
1347869,1460
1353141,1460
1358981,892
1359873,1460
1361333,1460
1362793,1460
1364253,1460
1365713,1460
1367173,892
1368065,1460
1369525,1460
1370985,1460
1372445,1460
1373905,1460
1376257,1460
1377717,1460
1379177,1460
1380637,1460
1382097,1460
1383557,892
1375365,1460
1384449,1460
1387369,1460
1388829,1460
1390289,1460
1391749,1460
1393209,1460
1394669,1460
1397589,1460
1385909,1460
1399049,1460
1400509,1460
1401969,1460
1403429,1460
1396129,1460
1404889,1460
1406349,1460
1409269,1460
1410729,1460
1412189,1460
1413649,1460
1415109,1460
1416569,1460
1407809,1460
1418029,1460
1419489,1460
1420949,1460
1422409,1460
1423869,1460
1425329,191
1425520,1460
1428440,1460
1432820,1460
1434280,1460
1435740,1460
1426980,1460
1429900,1460
1431360,1460
1437200,1460
1438660,1460
1440120,1460
1441580,213
1441793,1460
1443253,1460
1444713,1460
1446173,1460
1447633,1460
1449093,892
1449985,1460
1451445,1460
1452905,1460
1454365,1460
1455825,1460
1457285,892
1458177,1460
1459637,1460
1461097,1460
1462557,1460
1464017,1460
1465477,892
1466369,1460
1467829,1460
1469289,1460
1470749,1460
1472209,1460
1473669,892
1476021,1460
1477481,1460
1478941,1460
1481861,892
1474561,1460
1482753,1460
1480401,1460
1485673,1460
1487133,1460
1488593,1460
1490053,1460
1484213,1460
1491513,1460
1492973,1460
1494433,1460
1495893,1460
1497353,1460
1498813,386
1499199,1460
1500659,1460
1502119,1460
1503579,1460
1505039,1460
1507959,1460
1509419,1460
1512339,1460
1513799,1460
1515259,1460
1506499,1460
1510879,1460
1518179,1460
1521099,1460
1522559,1460
1516719,1460
1519639,1460
1524019,1460
1525479,1460
1526939,1460
1528399,1460
1529859,1460
1531319,1460
1532779,1460
1534239,1460
1535699,1460
1537159,1460
1540079,507
1540586,1460
1542046,1460
1543506,1460
1544966,1460
1546426,1460
1547886,1460
1538619,1460
1549346,1460
1550806,1460
1553726,1460
1555186,1460
1556646,1460
1558106,1460
1559566,1460
1552266,1460
1561026,1460
1562486,1460
1563946,1460
1565406,1460
1566866,1460
1568326,1460
1569786,1460
1571246,1460
1572706,1460
1574166,1460
1575626,1460
1578546,1460
1580006,1460
1581466,1460
1582926,1460
1584386,1460
1585846,1460
1577086,1460
1587306,1460
1588766,483
1589249,1460
1590709,1460
1592169,1460
1593629,1460
1595089,1460
1597441,1460
1598901,1460
1600361,1460
1601821,1460
1603281,1460
1596549,1460
1604741,892
1605633,1460
1608553,1460
1610013,1460
1607093,1460
1612933,1460
1614393,1460
1614393,1460
1611473,1460
1615853,1460
1617313,1460
1618773,1460
1623153,1460
1624613,1460
1626073,1460
1627533,1460
1620233,1460
1621693,1460
1628993,1460
1630453,1460
1631913,1460
1633373,1460
1634833,1460
1636293,1460
1637753,1460
1639213,1460
1640673,1460
1643593,1460
1645053,1460
1646513,1460
1647973,1460
1649433,1460
1650893,1460
1642133,1460
1652353,1460
1653813,1460
1656733,1460
1659653,1460
1662573,1460
1655273,1460
1658193,1460
1664033,1460
1665493,1460
1661113,1460
1666953,1460
1668413,1460
1671333,1460
1672793,1460
1674253,1460
1675713,1460
1677173,1460
1669873,1460
1678633,1460
1680093,1460
1681553,1460
1683013,1460
1684473,1460
1685933,1460
1687393,1460
1688853,1460
1690313,1460
1691773,1460
1693233,1460
1694693,1460
1696153,1460
1697613,1460
1700533,1460
1701993,1460
1703453,1460
1706373,1460
1707833,1460
1709293,1460
1699073,1460
1710753,1460
1704913,1460
1712213,1460
1713673,1460
1715133,1460
1716593,1460
1718053,1460
1719513,942
1720455,1460
1721915,1460
1723375,1460
1724835,1460
1726295,1460
1727755,758
1728513,1460
1729973,1460
1731433,1460
1732893,1460
1734353,1460
1735813,892
1736705,1460
1738165,1460
1739625,1460
1741085,1460
1742545,1460
1744005,892
1744897,1460
1746357,1460
1749277,1460
1752197,892
1753089,1460
1754549,1460
1756009,1460
1757469,1460
1747817,1460
1750737,1460
1758929,1460
1760389,892
1761281,1460
1762741,1460
1764201,1460
1765661,1460
1767121,1460
1769473,1460
1770933,1460
1772393,1460
1773853,1460
1775313,1460
1776773,892
1768581,1460
1777665,1460
1779125,1460
1780585,1460
1782045,1460
1783505,1460
1784965,892
1785857,1460
1788777,1460
1790237,1460
1791697,1460
1793157,892
1787317,1460
1794049,1460
1795509,1460
1798429,1460
1799889,1460
1801349,892
1796969,1460
1802241,1460
1803701,1460
1806621,1460
1808081,1460
1809541,892
1805161,1460
1810433,1460
1814813,1460
1816273,1460
1811893,1460
1817733,1460
1819193,1460
1813353,1460
1820653,1460
1822113,1460
1823573,1460
1825033,1460
1826493,730
1827223,1460
1828683,1460
1830143,1460
1831603,1460
1833063,1460
1834523,642
1836625,1460
1838085,1460
1842465,1259
1843724,1460
1845184,1460
1835165,1460
1846644,1460
1839545,1460
1841005,671
1841005,1460
1848104,1460
1849564,1460
1851024,1460
1852484,1460
1853944,1460
1855404,1460
1856864,1460
1858324,1460
1859784,1460
1861244,1460
1862704,1460
1864164,1460
1865624,1460
1867084,1410
1868494,1460
1869954,1460
1871414,1460
1872874,1460
1874334,1460
1875794,1006
1876800,1460
1878260,1460
1879720,1460
1881180,1460
1882640,1460
1884100,1460
1885560,1460
1887020,1460
1888480,1460
1889940,1460
1891400,1218
1892618,1460
1894078,1460
1895538,1460
1896998,1460
1898458,1460
1899918,805
1900723,1460
1902183,1460
1903643,1460
1905103,1460
1906563,1460
1908023,714
1908737,1460
1911657,1460
1913117,1460
1914577,1460
1916037,892
1916929,1460
1918389,1460
1919849,1460
1910197,1460
1925689,1460
1921309,1460
1924229,1460
1927149,1460
1922769,1460
1928609,1460
1930069,1460
1931529,1460
1932989,1460
1934449,1460
1935909,1460
1937369,1460
1938829,1460
1943209,1460
1946129,1460
1947589,1460
1949049,1460
1950509,1460
1940289,1460
1941749,721
1942470,739
1944669,1460
1951969,1460
1953429,1460
1954889,1460
1956349,1460
1957809,721
1958530,1460
1959990,1460
1962910,1460
1964370,1460
1965830,1460
1967290,1460
1968750,1460
1970210,1460
1961450,1460
1971670,1460
1974590,1460
1976050,1460
1977510,1460
1978970,1460
1980430,1460
1973130,1460
1981890,1460
1983350,1460
1984810,1460
1986270,1460
1987730,1460
1989190,1460
1990650,7
1990657,1460
1992117,1460
1993577,1460
1995037,1460
1996497,1460
1997957,892
2000309,1460
2003229,1460
2004689,1460
2006149,892
1998849,1460
2001769,1460
2007041,1460
2008501,1460
2009961,1460
2011421,1460
2012881,1460
2014341,892
2015233,1460
2016693,1460
2018153,1460
2019613,1460
2021073,1460
2022533,892
2023425,1460
2027805,1460
2029265,1460
2030725,892
2024885,1460
2026345,1460
2026345,1460
2026345,1460
2026345,1460
2031617,1460
2033077,1460
2034537,1460
2035997,1460
2037457,1460
2038917,1208
2040125,1460
2041585,1460
2044505,1460
2045965,1460
2047425,1103
2048528,1460
2049988,1460
2051448,1460
2052908,1460
2054368,1460
2055828,1460
2057288,1460
2058748,1460
2060208,1460
2061668,1460
2063128,1460
2064588,1460
2066048,1460
2067508,1460
2068968,1460
2070428,1460
2071888,1460
2073348,1460
2074808,1460
2076268,1460
2077728,1460
2043045,1460
2079188,1460
2080648,1460
2082108,1460
2083568,1460
2085028,1460
2086488,1460
2087948,1460
2089408,1460
2090868,1460
2092328,1460
2093788,1460
2095248,1460
2096708,480
2097188,1460
2098648,1460
2100108,1460
2101568,1460
2103028,1460
2104488,1460
2105948,1460
2108868,1460
2110328,1460
2113248,289
2107408,1460
2113537,1460
2114997,1460
2116457,1460
2117917,1460
2111788,1460
2120837,892
2121729,1460
2123189,1460
2124649,1460
2126109,1460
2127569,1460
2129029,892
2119377,1460
2129921,1460
2131381,1460
2132841,1460
2134301,1460
2135761,1460
2137221,892
2138113,1460
2139573,1460
2141033,1460
2142493,1460
2143953,1460
2145413,892
2146305,1460
2147765,1460
2149225,1460
2150685,1460
2152145,1460
2153605,892
2154497,1460
2155957,1460
2157417,1460
2158877,1460
2160337,1460
2161797,892
2162689,1460
2165609,1460
2167069,1460
2168529,1460
2169989,892
2164149,1460
2170881,1460
2172341,1460
2173801,1460
2175261,1460
2176721,1460
2179073,1460
2180533,1460
2181993,1460
2183453,1460
2186373,892
2178181,1460
2184913,1460
2187265,1460
2188725,1460
2190185,1460
2191645,1460
2193105,1460
2194565,1460
2196025,1460
2197485,1460
2200405,1460
2201865,1460
2203325,934
2204259,1460
2205719,1460
2207179,1460
2198945,1460
2208639,1460
2210099,1460
2211559,1460
2213019,1460
2214479,1460
2215939,1460
2217399,1460
2218859,1460
2220319,1460
2221779,1460
2223239,1460
2224699,1460
2227619,1460
2229079,1460
2230539,1460
2231999,1460
2233459,1460
2234919,1460
2236379,1460
2237839,1460
2239299,1460
2242219,1460
2243679,1460
2245139,1460
2246599,1460
2240759,1460
2248059,1460
2250979,1460
2226159,1460
2226159,1460
2253899,1460
2249519,1460
2252439,1460
2255359,1460
2256819,1460
2258279,1460
2259739,1460
2262659,1460
2264119,1460
2265579,1460
2268499,1460
2269959,1460
2271419,1460
2272879,1460
2274339,1460
2275799,1460
2261199,1460
2277259,1460
2278719,1460
2280179,1460
2281639,1460
2283099,1460
2267039,1460
2286019,1460
2287479,1460
2284559,1460
2287479,1460
2288939,1460
2290399,1460
2291859,1460
2293319,1460
2294779,1460
2296239,1460
2297699,1460
2299159,1460
2300619,1460
2302079,1460
2303539,1460
2304999,1460
2306459,1460
2309379,1248
2310627,1460
2312087,1460
2315007,1460
2316467,1460
2317927,1460
2319387,1460
2320847,1460
2322307,1460
2323767,1460
2307919,1460
2313547,1460
2325227,1460
2326687,1460
2328147,1460
2329607,1460
2331067,1460
2332527,1460
2333987,734
2334721,1460
2336181,1460
2337641,1460
2339101,1460
2340561,1460
2342021,892
2342913,1460
2344373,1460
2345833,1460
2347293,1460
2348753,1460
2350213,892
2351105,1460
2352565,1460
2354025,1460
2355485,1460
2356945,1460
2358405,892
2359297,1460
2360757,1460
2362217,1460
2363677,1460
2365137,1460
2367489,1460
2368949,1460
2370409,1460
2371869,1460
2373329,1460
2374789,892
2366597,1460
2375681,1460
2377141,1460
2380061,1460
2381521,1460
2383873,1460
2385333,1460
2386793,1460
2388253,1460
2378601,1460
2389713,1460
2382981,892
2391173,892
2392065,1460
2393525,1460
2394985,1460
2396445,1460
2397905,1460
2399365,892
2400257,1460
2403177,1460
2404637,1460
2406097,1460
2407557,892
2401717,1460
2409909,1460
2411369,1460
2408449,1460
2411369,1460
2412829,1460
2414289,1460
2415749,1460
2417209,1460
2418669,1460
2420129,1460
2421589,1460
2423049,1460
2424509,479
2424988,1460
2426448,1460
2427908,1460
2429368,1460
2430828,1460
2432288,1099
2433387,1460
2434847,1460
2436307,1460
2437767,1460
2439227,1460
2440687,1460
2442147,1460
2443607,1460
2445067,1460
2446527,1460
2447987,1460
2449447,1460
2453827,1460
2455287,1460
2456747,1420
2458167,1460
2459627,1460
2461087,1460
2462547,1460
2464007,1460
2465467,1460
2450907,1460
2452367,857
2453224,603
2466927,1460
2468387,1460
2469847,1460
2472767,1218
2473985,1460
2475445,1460
2476905,1460
2478365,1460
2479825,1460
2471307,1460
2481285,892
2482177,1460
2483637,1460
2485097,1460
2486557,1460
2488017,1460
2489477,892
2490369,1460
2494749,1460
2496209,1460
2497669,892
2491829,1460
2493289,1460
2498561,1460
2500021,1460
2501481,1460
2502941,1460
2504401,1460
2505861,892
2506753,1460
2508213,1460
2509673,1460
2511133,1460
2512593,1460
2514053,892
2514945,1460
2516405,1460
2517865,1460
2519325,1460
2520785,1460
2522245,892
2523137,1460
2524597,1460
2526057,1460
2527517,1460
2528977,1460
2531329,1460
2535709,1460
2537169,1460
2538629,892
2530437,1460
2532789,1460
2539521,1460
2540981,1460
2542441,1460
2543901,1460
2534249,1460
2545361,1460
2546821,1460
2548281,1460
2549741,1460
2551201,1460
2552661,1460
2554121,1460
2555581,1460
2557041,1460
2558501,1460
2559961,1460
2561421,1460
2562881,1460
2564341,1460
2565801,1460
2567261,1460
2568721,1460
2571641,881
2572522,1460
2575442,1460
2578362,1460
2579822,742
2580564,1460
2582024,1460
2583484,1460
2584944,1460
2586404,1460
2573982,413
2574395,1047
2576902,1460
2587864,1460
2589324,1460
2590784,1460
2592244,1460
2593704,1460
2595164,1460
2596624,1460
2598084,1460
2599544,1460
2601004,1460
2602464,1460
2570181,1460
2603924,1460
2605384,1460
2606844,1460
2609764,1460
2611224,1460
2612684,1460
2614144,1460
2615604,1460
2617064,1460
2618524,1460
2619984,1460
2621444,1460
2608304,1460
2622904,1460
2624364,1460
2625824,1460
2627284,1460
2628744,1460
2630204,1460
2631664,1460
2633124,1460
2634584,1460
2636044,1460
2637825,1460
2639285,1460
2640745,1460
2642205,1460
2643665,1460
2645125,892
2637504,1460
2646017,1460
2647477,1460
2648937,1460
2651857,1460
2653317,892
2654209,1460
2655669,1460
2657129,1460
2650397,1460
2658589,1460
2660049,1460
2661509,892
2662401,1460
2663861,1460
2666781,1460
2668241,1460
2669701,892
2670593,1460
2665321,1460
2672053,1460
2673513,1460
2674973,1460
2676433,1460
2677893,892
2678785,1460
2680245,1460
2681705,1460
2683165,1460
2684625,1460
2686085,892
2686977,1460
2691357,1460
2692817,1460
2694277,892
2689897,1460
2688437,1460
2695169,1460
2696629,1460
2698089,1460
2699549,1460
2703361,1460
2704821,1460
2706281,1460
2710661,1460
2702469,892
2701009,1460
2712121,1460
2713581,1460
2707741,1460
2709201,1460
2716501,1460
2717961,1460
2715041,1460
2717961,1460
2720881,1460
2722341,1460
2723801,1460
2725261,1460
2726721,1460
2719421,1460
2729641,1460
2732561,1460
2734021,1460
2728181,1460
2735481,1460
2731101,1460
2736941,1460
2738401,1460
2739861,1460
2741321,1460
2744241,853
2745094,1460
2746554,1460
2748014,1460
2749474,1460
2742781,1460
2750934,1460
2752394,1460
2753854,1460
2755314,1460
2756774,1460
2758234,1460
2759694,1200
2760894,1460
2762354,1460
2763814,1460
2765274,1460
2766734,1460
2768194,1399
2769593,1460
2771053,1460
2773973,1460
2775433,1460
2776893,196
2777089,1460
2778549,1460
2780009,1460
2781469,1460
2782929,1460
2772513,1460
2772513,1460
2785849,1460
2787309,1460
2788769,1460
2790229,1460
2791689,1460
2793149,1460
2794609,1460
2796069,1460
2798989,1460
2784389,1460
2800449,1460
2801909,1460
2803369,1460
2804829,1460
2806289,1460
2797529,1460
2807749,1460
2809209,1460
2810669,1460
2812129,1460
2815049,1460
2816509,1460
2817969,669
2818638,1460
2820098,1460
2821558,1460
2823018,1460
2824478,1460
2813589,1460
2825938,1460
2827398,1460
2828858,1460
2830318,1460
2831778,1460
2833238,1460
2836158,1460
2837618,1460
2839078,1460
2840538,1460
2841998,627
2834698,1460
2842625,1460
2844085,1460
2845545,1460
2847005,1460
2848465,1460
2849925,892
2850817,1460
2853737,1460
2855197,1460
2856657,1460
2858117,892
2852277,1460
2859009,1460
2860469,1460
2863389,1460
2864849,1460
2866309,892
2861929,1460
2867201,1460
2870121,1460
2871581,1460
2873041,1460
2868661,1460
2874501,892
2875393,1460
2876853,1460
2878313,1460
2879773,1460
2881233,1460
2882693,892
2883585,1460
2885045,1460
2886505,1460
2887965,1460
2889425,1460
2890885,892
2891777,1460
2893237,1460
2896157,1460
2897617,1460
2899077,892
2899969,1460
2901429,1460
2894697,1460
2902889,1460
2904349,1460
2905809,1460
2907269,892
2908161,1460
2909621,1460
2911081,1460
2912541,1460
2915461,892
2916353,1460
2917813,1460
2919273,1460
2920733,1460
2914001,1460
2922193,1460
2923653,892
2924545,1460
2926005,1460
2927465,1460
2928925,1460
2930385,1460
2931845,892
2932737,1460
2934197,1460
2935657,1460
2937117,1460
2938577,1460
2940037,892
2940929,1460
2942389,1460
2943849,1460
2945309,1460
2946769,1460
2948229,892
2949121,1460
2950581,1460
2952041,1460
2953501,1460
2954961,1460
2956421,892
2957313,1460
2958773,1460
2960233,1460
2961693,1460
2963153,1460
2964613,892
2965505,1460
2966965,1460
2968425,1460
2969885,1460
2971345,1460
2972805,892
2973697,1460
2975157,1460
2976617,1460
2978077,1460
2979537,1460
2980997,892
2981889,1460
2983349,1460
2984809,1460
2986269,1460
2987729,1460
2990081,1460
2991541,1460
2993001,1460
2994461,1460
2995921,1460
2997381,892
2989189,1460
2998273,1460
2999733,1460
3001193,1460
3002653,1460
3004113,1460
3005573,892
3006465,1460
3007925,1460
3009385,1460
3010845,1460
3012305,1460
3013765,892
3014657,1460
3017577,1460
3019037,1460
3020497,1460
3021957,892
3016117,1460
3024309,1460
3025769,1460
3027229,1460
3028689,1460
3030149,892
3022849,1460
3031041,1460
3033961,1460
3035421,1460
3036881,1460
3032501,1460
3038341,892
3039233,1460
3040693,1460
3042153,1460
3043613,1460
3045073,1460
3046533,892
3047425,1460
3048885,1460
3053265,1460
3054725,892
3055617,1460
3057077,1460
3050345,1460
3051805,1460
3058537,1460
3059997,1460
3061457,1460
3062917,892
3063809,1460
3065269,1460
3066729,1460
3068189,1460
3069649,1460
3071109,892
3072001,1460
3073461,1460
3074921,1460
3076381,1460
3079301,892
3080193,1460
3081653,1460
3083113,1460
3084573,1460
3086033,1460
3077841,1460
3088385,1460
3089845,1460
3091305,1460
3092765,1460
3094225,1460
3087493,1460
3096577,1460
3098037,1460
3099497,1460
3095685,1460
3100957,1460
3102417,1460
3104769,1460
3106229,1460
3107689,1460
3109149,1460
3103877,1460
3112069,892
3110609,1460
3114421,1460
3115881,1460
3117341,1460
3112961,1460
3118801,1460
3120261,1208
3121469,1460
3122929,1460
3124389,1460
3125849,1460
3127309,1460
3128769,723
3129492,1460
3130952,1460
3133872,1460
3136792,934
3137726,1460
3132412,1460
3135332,1460
3142106,1460
3143566,1460
3139186,1460
3140646,1460
3145026,1335
3146361,1460
3147821,1460
3149281,1460
3150741,1460
3152201,1460
3153661,1460
3155121,1460
3156581,1460
3158041,1460
3159501,1460
3160961,1205
3162166,1460
3163626,1460
3165086,1460
3168006,1460
3169466,1184
3170650,1460
3172110,1460
3173570,1460
3175030,1460
3176490,1460
3177950,1460
3166546,1460
3179410,1460
3180870,1460
3182330,1460
3183790,1460
3185250,1460
3186710,1460
3188170,1460
3189630,1460
3191090,1460
3192550,1460
3194010,1402
3195412,1460
3196872,1460
3198332,1460
3199792,1460
3201252,1460
3202712,361
3203073,1460
3204533,1460
3205993,1460
3207453,1460
3208913,1460
3210373,892
3211265,1460
3212725,1460
3214185,1460
3215645,1460
3218565,892
3219457,1460
3220917,1460
3222377,1460
3223837,1460
3225297,1460
3226757,892
3217105,1460
3217105,1460
3227649,1460
3229109,1460
3230569,1460
3233489,1460
3234949,1460
3236409,1460
3237869,1460
3239329,1460
3240789,1460
3242249,1460
3243709,847
3244556,1460
3232029,1460
3247476,1460
3248936,1460
3250396,1460
3253316,1460
3254776,1460
3256236,1460
3257696,1460
3259156,1460
3251856,1460
3260616,1460
3262076,1460
3263536,1460
3264996,1460
3266456,1460
3267916,1460
3269376,1460
3270836,1460
3272296,1460
3273756,1460
3275216,1460
3276676,1460
3278136,1460
3279596,1460
3281056,1460
3282516,1460
3246016,1460
3285436,1460
3289816,1460
3291276,1460
3292736,1460
3294196,1460
3295656,1460
3297116,1460
3283976,1460
3288794,1022
3300036,1460
3301496,1460
3302956,1460
3286896,1460
3305876,1460
3288356,1460
3298576,1460
3304416,1460
3307336,1460
3308796,1460
3310256,1460
3311716,1460
3313176,1460
3314636,1460
3316096,1460
3317556,1460
3319016,1460
3320476,1460
3323396,1460
3324856,1137
3325993,1460
3327453,1460
3328913,1460
3330373,1460
3331833,1460
3333293,1460
3334753,1460
3336213,1460
3337673,1460
3321936,1460
3340593,1460
3342053,1460
3343513,1460
3344973,1460
3346433,1460
3347893,1460
3349353,1460
3352273,1460
3353733,1460
3355193,1460
3339133,1460
3356653,1460
3358113,1460
3350813,1460
3361033,1460
3362493,1460
3366873,1460
3368333,1460
3369793,1460
3371253,1460
3372713,1460
3374173,1460
3363953,1460
3365413,1460
3375633,1460
3377093,1460
3378553,1460
3381473,1460
3384393,1460
3385853,1460
3380013,1460
3387313,1460
3382933,1460
3388773,1460
3390233,1460
3359573,1460
3393153,1460
3394613,1460
3391693,1460
3394613,1460
3396073,1460
3397533,1460
3398993,1460
3400453,1460
3401913,1460
3406293,1460
3407753,479
3408232,1460
3409692,1460
3411152,1460
3412612,1460
3414072,1460
3403373,1460
3404833,1099
3415532,1460
3416992,1460
3418452,1460
3419912,1460
3422832,1460
3424292,1460
3425752,1460
3427212,1460
3405932,1460
3430132,1460
3431592,1460
3421372,1460
3428672,1460
3433052,1460
3434512,1460
3435972,1460
3437432,1460
3438892,1460
3440352,1460
3441812,1460
3443272,1460
3444732,1460
3446192,1460
3447652,1460
3449112,1460
3450572,1460
3452032,1460
3453492,1460
3454952,1460
3456412,1460
3459332,1460
3460792,1460
3462252,1460
3465172,1183
3467815,1460
3469275,1460
3470735,1460
3457872,1460
3463712,1460
3466355,1460
3472195,1214
3473409,1460
3474869,1460
3477789,1460
3479249,1460
3481601,1460
3483061,1460
3484521,1460
3476329,1460
3485981,1460
3487441,1460
3480709,1460
3490361,1460
3491821,1460
3493281,1460
3494741,1460
3496201,1460
3497661,892
3498553,1460
3500013,1460
3488901,1460
3501473,1460
3502933,1460
3505853,1460
3507313,1460
3508773,1460
3510233,1460
3511693,1460
3513153,1460
3504393,1460
3514613,1460
3516073,1460
3517533,1460
3518993,1460
3520453,1460
3521913,1460
3523373,1460
3524833,1460
3526293,1460
3527753,1460
3529213,1460
3530673,1460
3532133,1460
3533593,1460
3535053,1460
3536513,1460
3537973,1460
3540893,1460
3542353,1460
3545273,1460
3546733,404
3539433,1460
3543813,1460
3547137,1460
3548597,1460
3550057,1460
3551517,1460
3552977,1460
3554437,1256
3555693,1460
3557153,1460
3558613,1460
3560073,1460
3561533,1460
3562993,1440
3564433,1460
3565893,1460
3567353,1460
3568813,1460
3570273,1460
3571733,1460
3573193,1460
3574653,1460
3576113,1460
3577573,1460
3579033,1460
3580493,1460
3581953,1460
3583413,1460
3584873,1460
3586333,1460
3587793,424
3588217,1460
3589677,1460
3591137,1460
3592597,1460
3594057,1460
3595517,968
3596485,1460
3597945,1460
3599405,1460
3600865,1460
3602325,1460
3605146,1460
3606606,1460
3608066,1460
3609526,1460
3610986,1460
3612446,227
3603785,1460
3612673,1460
3614133,1460
3615593,1460
3617053,1460
3618513,1460
3619973,892
3622325,1460
3623785,1460
3625245,1460
3626705,1460
3628165,892
3620865,1460
3629057,1460
3630517,1460
3631977,1460
3633437,1460
3634897,1460
3640169,1460
3643089,1460
3636357,1460
3636357,1460
3644549,1460
3646009,1460
3637817,1460
3639277,1460
3640737,1460
3642197,1460
3647469,1460
3648929,1460
3650389,1460
3651849,1460
3653852,1460
3655312,1460
3656772,1460
3658232,1460
3659692,1460
3661152,1460
3653309,1460
3662612,1460
3664072,1460
3665532,1460
3666992,1460
3668452,1460
3669912,1460
3671372,1460
3672832,1460
3674292,1460
3675752,1460
3677212,1460
3678672,1460
3680132,1460
3681592,1460
3683052,1460
3684512,1460
3685972,1460
3687432,1460
3688892,1460
3690352,1460
3693272,1460
3696192,1460
3697652,1460
3699112,1460
3700572,1460
3691812,1460
3694732,1460
3702032,753
3702785,1460
3704245,1460
3705705,1460
3707165,1460
3708625,1460
3710085,892
3710977,1460
3712437,1460
3713897,1460
3716817,1460
3718277,892
3719169,1460
3722089,1460
3723549,1460
3715357,1460
3725009,1460
3720629,1460
3726469,892
3727361,1460
3728821,1460
3730281,1460
3731741,1460
3733201,1460
3734661,892
3735553,1460
3737013,1460
3738473,1460
3739933,1460
3741393,1460
3742853,892
3743745,1460
3745205,1460
3746665,1460
3748125,1460
3749585,1460
3751045,892
3751937,1460
3753397,1460
3754857,1460
3756317,1460
3761589,1460
3763049,1460
3765969,1460
3767429,892
3757777,1460
3759237,1460
3760697,1460
3768321,1460
3769781,1460
3764509,1460
3771241,1460
3772701,1460
3774161,1460
3775621,1460
3777081,1460
3778541,1460
3780001,1460
3781461,1460
3784381,1271
3785652,1460
3787112,1460
3788572,1460
3791492,1460
3792952,1460
3794412,1460
3795872,1460
3782921,1460
3797332,1460
3798792,1460
3790032,1460
3800252,1460
3801712,1460
3803172,1460
3806092,1460
3807552,1460
3809012,1460
3810472,1460
3811932,1460
3813392,1460
3814852,1460
3816312,1460
3804632,1460
3817772,1460
3820692,1460
3822152,1460
3823612,1460
3825072,1252
3826324,1460
3827784,1460
3829244,1460
3819232,1460
3830704,1460
3832164,1460
3833624,1460
3836544,1460
3838004,1460
3839464,1460
3840924,1307
3842231,1460
3843691,1460
3835084,1460
3845151,1460
3846611,1460
3848071,1460
3849531,1460
3850991,1460
3852451,1460
3853911,1460
3855371,1460
3856831,1460
3858291,142
3858433,1460
3862813,1460
3864273,1460
3865733,892
3859893,1460
3861353,1460
3866625,1460
3868085,1460
3869545,1460
3871005,1460
3872465,1460
3873925,1208
3875133,1460
3878053,1460
3879513,1460
3880973,1460
3882433,1103
3883536,1460
3884996,1460
3886456,1460
3876593,1460
3890836,1460
3892296,1460
3893756,1460
3887916,1460
3895216,1460
3896676,1460
3889376,1460
3889376,1460
3898136,1460
3899596,1460
3902516,1460
3903976,1460
3905436,1460
3906896,1460
3908356,1460
3909816,1460
3912736,1460
3901056,1460
3914196,1460
3915656,1460
3917116,1460
3918576,1460
3920036,1460
3921496,1460
3922956,1460
3924416,1460
3925876,1460
3927336,1460
3928796,1460
3931716,1460
3933176,1460
3934636,1460
3911276,1460
3936096,1460
3937556,1460
3930256,1460
3939016,1460
3940476,1460
3941936,1460
3943396,1460
3944856,1460
3946316,1460
3947776,1460
3949236,1460
3950696,1460
3952156,1460
3953616,1460
3956536,480
3957016,1460
3958476,1460
3959936,1460
3961396,1460
3962856,1460
3964316,765
3965081,1460
3966541,1460
3968001,1460
3969461,1460
3970921,1460
3955076,1460
3972381,1460
3973841,1460
3975301,1460
3976761,1460
3979681,1460
3981313,1460
3982773,1460
3984233,1460
3985693,1460
3978221,1460
3981141,172
3987153,1460
3987153,1460
3988613,1460
3990073,1460
3991533,1460
3992993,1460
3994453,1460
3995913,1460
3997373,357
3997730,1460
3999190,1460
4000650,1460
4002110,1460
4003570,1460
4005030,1460
4006490,1460
4007950,1460
4009410,1460
4010870,1460
4012330,1460
4013790,671
4014461,1460
4015921,1460
4017381,1460
4018841,1460
4020301,1460
4023016,1460
4024476,1460
4025936,1460
4027396,1460
4028856,1460
4030316,197
4030513,1460
4031973,1460
4033433,1460
4021761,1460
4034893,1460
4036353,1460
4037813,1460
4039273,1460
4040733,1460
4045113,1460
4046573,836
4047409,1460
4048869,1460
4050329,1460
4042193,1460
4043653,1460
4051789,1460
4053249,1460
4054709,332
4055041,1460
4057961,1460
4059421,1460
4060881,1460
4062341,892
4056501,1460
4063233,1460
4064693,1460
4066153,1460
4067613,1460
4069073,1460
4070533,892
4071425,1460
4074345,1460
4075805,1460
4077265,1460
4078725,892
4072885,1460
4079617,1460
4082537,1460
4083997,1460
4085457,1460
4081077,1460
4086917,892
4087809,1460
4089269,1460
4090729,1460
4092189,1460
4093649,1460
4095109,892
4096001,1460
4097461,1460
4098921,1460
4100381,1460
4101841,1460
4103301,892
4104193,1460
4105653,1460
4107113,1460
4108573,1460
4110033,1460
4111493,892
4113845,1460
4115305,1460
4116765,1460
4118225,1460
4119685,892
4112385,1460
4120577,1460
4122037,1460
4123497,1460
4124957,1460
4126417,1460
4128769,1460
4130229,1460
4131689,1460
4133149,1460
4134609,1460
4127877,1460
4136069,892
4136961,1460
4138421,1460
4141341,1460
4142801,1460
4144261,892
4139881,1460
4146613,1460
4149533,1460
4145153,1460
4152453,1460
4148073,1460
4150993,1460
4153913,1460
4155373,1460
4156833,1460
4158293,1460
4159753,1460
4161213,655
4161868,1460
4164788,1460
4166248,1460
4167708,1460
4170628,1460
4172088,1460
4173548,1460
4169168,1460
4175008,1460
4176468,1460
4177928,1460
4179388,1460
4180848,1460
4182308,1460
4183768,1460
4163328,1460
4186688,1460
4188148,1460
4185228,1460
4188148,1460
4189608,1460
4191068,1460
4192528,1460
4193988,1460
4195448,1460
4196908,1460
4198368,1460
4199828,1460
4201288,1460
4202748,1460
4204208,1460
4205668,1460
4207128,1460
4208588,1460
4212759,1460
4214219,1460
4215679,1460
4217139,1460
4218599,1460
4220059,1460
4221519,1460
4222979,1460
4224439,1460
4225899,1460
4210048,1460
4211508,755
4212263,496
4227359,1460
4228819,1460
4230279,1460
4231739,1460
4233199,1460
4235265,1460
4236725,1460
4238185,1460
4239645,1460
4241105,1460
4242565,892
4234659,1460
4243457,1460
4244917,1460
4246377,1460
4247837,1460
4249297,1460
4251649,1460
4253109,1460
4254569,1460
4256029,1460
4257489,1460
4258949,892
4250757,1460
4259841,1460
4261301,1460
4264221,1460
4265681,1460
4267141,892
4262761,1460
4268033,1460
4269493,1460
4270953,1460
4272413,1460
4273873,1460
4275333,892
4276225,1460
4277685,1460
4279145,1460
4280605,1460
4282065,1460
4283525,892
4284417,1460
4285877,1460
4287337,1460
4290257,1460
4291717,892
4292609,1460
4294069,1460
4295529,1460
4288797,1460
4296989,1460
4298449,1460
4299909,892
4300801,1460
4303721,1460
4305181,1460
4306641,1460
4308101,892
4302261,1460
4308993,1460
4310453,1460
4311913,1460
4313373,1460
4314833,1460
4316293,892
4317185,1460
4318645,1460
4320105,1460
4321565,1460
4323025,1460
4324485,1226
4325711,1460
4327171,1460
4328631,1460
4330091,1460
4331551,1460
4333011,1460
4334471,1460
4335931,1460
4338851,1460
4340311,1460
4341771,1460
4343231,1460
4346151,1460
4347611,1460
4349071,1460
4350531,1460
4337391,1460
4351991,1460
4344691,1460
4353451,1460
4354911,1460
4356371,1460
4357831,1460
4359291,1460
4360751,1460
4362211,1460
4363671,1460
4365131,1460
4366591,1460
4368051,1460
4369511,1460
4370971,1460
4372431,1460
4373891,638
4374529,1460
4375989,1460
4377449,1460
4378909,1460
4380369,1460
4381829,892
4382721,1460
4384181,1460
4385641,1460
4387101,1460
4388561,1460
4390021,892
4390913,1460
4392373,1460
4393833,1460
4395293,1460
4396753,1460
4398213,892
4399105,1460
4400565,1460
4404945,1460
4406405,892
4407297,1460
4408757,1460
4410217,1460
4411677,1460
4413137,1460
4414597,892
4402025,1460
4403485,1460
4415489,1460
4416949,1460
4418409,1460
4419869,1460
4421329,1460
4422789,892
4423681,1460
4425141,1460
4426601,1460
4428061,1460
4429521,1460
4430981,892
4431873,1460
4433333,1460
4434793,1460
4437713,1460
4439173,892
4440065,1460
4441525,1460
4442985,1460
4444445,1460
4445905,1460
4436253,1460
4448257,1460
4449717,1460
4451177,1460
4452637,1460
4454097,1460
4447365,892
4455557,892
4456449,1460
4457909,1460
4459369,1460
4460829,1460
4462289,1460
4463749,892
4464641,1460
4466101,1460
4467561,1460
4469021,1460
4470481,1460
4471941,892
4472833,1460
4474293,1460
4475753,1460
4477213,1460
4478673,1460
4480133,892
4481025,1460
4483945,1460
4486865,1460
4488325,892
4482485,1460
4489217,1460
4490677,1460
4485405,1460
4492137,1460
4493597,1460
4495057,1460
4496517,892
4497409,1460
4498869,1460
4500329,1460
4501789,1460
4503249,1460
4504709,892
4507061,1460
4508521,1460
4511441,1460
4512901,892
4505601,1460
4513793,1460
4515253,1460
4516713,1460
4518173,1460
4519633,1460
4521093,1460
4522553,1460
4524013,1460
4525473,1460
4526933,1460
4528393,1460
4509981,1460
4509981,1460
4529853,1460
4531313,1460
4532773,1460
4534233,1460
4535693,1460
4537153,1460
4538613,1460
4540073,1460
4541533,1460
4542993,1460
4544453,1460
4545913,1460
4547373,1460
4548833,1460
4550293,1460
4551753,1460
4554673,1243
4557376,1460
4558836,1460
4560296,1460
4561756,1460
4563216,1460
4564676,1460
4566136,1460
4567596,1460
4553213,1460
4555916,1460
4571976,1460
4573436,1460
4576356,1460
4577816,1460
4579276,53
4569056,1460
4570516,1460
4574896,1460
4579329,1460
4580789,1460
4582249,1460
4583709,1460
4585169,1460
4586629,892
4587521,1460
4588981,1460
4590441,1460
4591901,1460
4593361,1460
4594821,892
4595713,1460
4598633,1460
4600093,1460
4601553,1460
4603013,892
4597173,1460
4603905,1460
4605365,1460
4606825,1460
4608285,1460
4609745,1460
4611205,892
4612097,1460
4613557,1460
4615017,1460
4616477,1460
4617937,1460
4619397,892
4620289,1460
4621749,1460
4623209,1460
4624669,1460
4626129,1460
4627589,892
4628481,1460
4629941,1460
4631401,1460
4632861,1460
4634321,1460
4635781,892
4636673,1460
4638133,1460
4641053,1460
4642513,1460
4643973,892
4639593,1460
4644865,1460
4647785,1460
4649245,1460
4650705,1460
4652165,892
4646325,1460
4653057,1460
4654517,1460
4655977,1460
4657437,1460
4660357,892
4661249,1460
4662709,1460
4664169,1460
4665629,1460
4658897,1460
4667089,1460
4658897,1460
4668549,1460
4670009,1460
4671469,1460
4672929,1460
4674389,1460
4675849,1460
4677309,1460
4678769,1460
4680229,1460
4681689,1460
4683149,1460
4686069,1460
4688989,1460
4690449,1460
4691909,1460
4693369,1460
4694829,1460
4696289,1460
4697749,1460
4684609,1460
4687529,1460
4699209,1460
4700669,1460
4702129,1460
4703589,1460
4705049,1460
4706509,1460
4707969,1460
4709429,1460
4712349,1460
4713809,1460
4716729,1460
4718189,1460
4719649,1460
4722569,1460
4710889,1460
4715269,1460
4724029,1460
4721109,1460
4725489,1460
4726949,1460
4728409,1460
4731329,1460
4732789,1460
4734249,1460
4735709,1460
4737169,1460
4729869,1460
4738629,1460
4740089,1460
4741549,1460
4743009,431
4743440,1460
4744900,1460
4746360,1460
4747820,1460
4749280,1460
4751413,1460
4752873,1460
4754333,1460
4755793,1460
4758713,1460
4750740,1460
4760173,1460
4761633,1460
4757253,1460
4763093,1460
4764553,1460
4766013,1460
4767473,1061
4768534,1460
4769994,1460
4771454,1460
4772914,1460
4774374,1460
4775834,1250
4777084,1460
4778544,1460
4780004,1460
4781464,1460
4782924,1460
4784384,1460
4785844,1460
4787304,1460
4788764,1460
4790224,1460
4791684,637
4792321,1460
4793781,1460
4795241,1460
4796701,1460
4798161,1460
4799621,892
4801973,1460
4803433,1460
4804893,1460
4806353,1460
4807813,892
4800513,1460
4808705,1460
4810165,1460
4811625,1460
4813085,1460
4814545,1460
4816005,892
4816897,1460
4818357,1460
4819817,1460
4821277,1460
4822737,1460
4824197,892
4825089,1460
4826549,1460
4828009,1460
4829469,1460
4830929,1460
4832389,892
4833281,1460
4834741,1460
4836201,1460
4837661,1460
4839121,1460
4840581,892
4841473,1460
4842933,1460
4844393,1460
4845853,1460
4847313,1460
4848773,892
4849665,1460
4851125,1460
4852585,1460
4854045,1460
4855505,1460
4856965,892
4857857,1460
4859317,1460
4860777,1460
4862237,1460
4863697,1460
4865157,892
4866049,1460
4867509,1460
4870429,1460
4871889,1460
4873349,892
4868969,1460
4874241,1460
4875701,1460
4877161,1460
4878621,1460
4880081,1460
4881541,892
4882433,1460
4883893,1460
4885353,1460
4886813,1460
4888273,1460
4889733,892
4890625,1460
4892085,1460
4895005,1460
4897925,892
4898817,1460
4900277,1460
4901737,1460
4903197,1460
4904657,1460
4896465,1460
4893545,1460
4906117,1460
4909037,1460
4910497,1460
4911957,1460
4913417,1460
4914877,1460
4916337,1460
4917797,1460
4919257,1460
4920717,1460
4922177,1460
4907577,1460
4923637,1460
4925097,1460
4926557,1460
4928017,1460
4929477,1460
4930937,1460
4932397,1460
4933857,1460
4935317,1460
4936777,1460
4938237,1460
4939697,1460
4941157,1460
4942617,1460
4944077,1460
4945537,1460
4946997,980
4947977,1460
4950897,1460
4952357,1460
4953817,1460
4955277,920
4956197,1460
4957657,1460
4959117,1460
4960577,1460
4962037,1460
4949437,1460
4963497,856
4964353,1460
4965813,1460
4967273,1460
4970193,1460
4971653,892
4972545,1460
4974005,1460
4975465,1460
4976925,1460
4968733,1460
4978385,1460
4979845,892
4980737,1460
4983657,1460
4986577,1460
4988037,892
4982197,1460
4982197,1460
4988929,1460
4990389,1460
4985117,1460
4991849,1460
4993309,1460
4994769,1460
4996229,1460
4999149,1460
5000609,1460
5002069,1460
5003529,1460
5005530,1460
5006990,1460
4997689,1460
5008450,1460
5009910,1460
5004989,541
5011370,1460
5012830,1460
5014290,1460
5015750,1460
5018670,1460
5020130,1460
5021590,764
5022354,1460
5023814,1460
5017210,1460
5026734,1460
5028194,1460
5029654,1460
5025274,1460
5031114,1460
5032574,1460
5034034,1460
5036954,1460
5038414,1460
5039874,1460
5041334,1460
5042794,1460
5044254,1460
5035494,1460
5047174,1460
5048634,1460
5050094,1460
5045714,1460
5051554,1460
5053014,1460
5054474,1460
5055934,1460
5057394,1460
5058854,1460
5060314,1460
5061774,1433
5063207,1460
5064667,1460
5066127,1460
5067587,1460
5070507,1460
5071967,1460
5066127,1460
5073427,1460
5074887,1460
5069047,1460
5076347,1460
5077807,1460
5079267,1460
5082187,1460
5083647,1460
5085107,1460
5086567,1460
5088027,1460
5089487,1460
5090947,1460
5092407,1460
5080727,1460
5095327,1460
5096787,1460
5098247,1460
5099707,1460
5101167,1460
5093867,1460
5102627,1460
5105547,1460
5107007,1460
5108467,1460
5109927,1460
5111387,1460
5112847,1460
5114307,1460
5104087,1460
5115767,1460
5117227,1460
5118687,1460
5120147,1460
5121607,1460
5123067,1460
5124527,1460
5125987,1460
5127447,1460
5128907,1460
5130367,1460
5131827,1460
5133287,1460
5134747,1460
5136207,178
5136385,1460
5137845,1460
5139305,1460
5140765,1460
5142225,1460
5143685,892
5144577,1460
5147497,1460
5148957,1460
5150417,1460
5151877,892
5146037,1460
5154229,1460
5155689,1460
5157149,1460
5158609,1460
5152769,1460
5160069,892
5160961,1460
5162421,1460
5163881,1460
5165341,1460
5166801,1460
5169153,1460
5170613,1460
5172073,1460
5173533,1460
5174993,1460
5168261,1460
5176453,892
5177345,1460
5178805,1460
5180265,1460
5181725,1460
5183185,1460
5184645,892
5185537,1460
5186997,1460
5188457,1460
5189917,1460
5191377,1460
5192837,892
5193729,1460
5195189,1460
5196649,1460
5198109,1460
5199569,1460
5201029,892
5201921,1460
5203381,1460
5204841,1460
5206301,1460
5207761,1460
5209221,892
5210113,1460
5211573,1460
5213033,1460
5214493,1460
5215953,1460
5217413,892
5218305,1460
5219765,1460
5221225,1460
5222685,1460
5224145,1460
5225605,892
5226497,1460
5227957,1460
5229417,1460
5232337,1460
5233797,892
5234689,1460
5236149,1460
5237609,1460
5239069,1460
5240529,1460
5241989,892
5230877,1460
5242881,1460
5244341,1460
5245801,1460
5247261,1460
5248721,1460
5250181,892
5251073,1460
5252533,1460
5253993,1460
5255453,1460
5256913,1460
5258373,892
5259265,1460
5263645,1460
5265105,1460
5266565,892
5260725,1460
5262185,1460
5270377,1460
5273297,1460
5274757,892
5267457,1460
5268917,1460
5271837,1460
5275649,1460
5277109,1460
5278569,1460
5281489,1460
5282949,1460
5284409,1460
5285869,1460
5280029,1460
5287329,1460
5288789,1460
5290249,1460
5291709,1460
5293169,1460
5294629,1460
5297549,1460
5299009,1460
5300469,1460
5301929,1460
5303389,1460
5296089,1460
5304849,1460
5307769,1460
5309229,1460
5310689,1460
5306309,1460
5312149,1460
5313609,1460
5315069,1460
5316529,1206
5317735,1460
5319195,1460
5320655,1460
5322115,1460
5323575,1457
5325032,1460
5326492,1460
5327952,1460
5330872,1460
5332332,1460
5333792,1460
5335252,1460
5336712,1460
5338172,1460
5329412,1460
5339632,1460
5341092,93
5341185,1460
5344105,1460
5345565,1460
5347025,1460
5342645,1460
5348485,1460
5349945,1460
5351405,1460
5352865,1460
5354325,1460
5355785,1460
5357245,1460
5358705,1460
5360165,1460
5361625,1460
5363085,1460
5364545,1460
5366005,1460
5367465,1460
5368925,1460
5370385,1460
5371845,1460
5373305,1286
5374591,1460
5376051,1460
5377511,1460
5380431,1460
5381891,1017
5382908,1460
5384368,1460
5385828,1460
5387288,1460
5388748,1460
5390208,733
5390941,1460
5392401,1460
5378971,1460
5393861,1460
5395321,1460
5396781,1460
5398241,1460
5399701,1460
5401161,1460
5402621,1460
5404081,1460
5405541,1460
5407001,1460
5408461,1460
5409921,1460
5411381,1460
5412841,1460
5414301,612
5414913,1460
5416373,1460
5417833,1460
5419293,1460
5420753,1460
5422213,892
5423105,1460
5424565,1460
5426025,1460
5427485,1460
5428945,1460
5430405,892
5431297,1460
5432757,1460
5434217,1460
5435677,1460
5437137,1460
5438597,892
5439489,1460
5440949,1460
5442409,1460
5443869,1460
5445329,1460
5446789,892
5447681,1460
5449141,1460
5450601,1460
5452061,1460
5453521,1460
5455873,1460
5457333,1460
5458793,1460
5460253,1460
5461713,1460
5463173,892
5454981,1460
5464065,1460
5466985,1460
5468445,1460
5469905,1460
5471365,892
5465525,1460
5472257,1460
5473717,1460
5475177,1460
5476637,1460
5478097,1460
5480449,1460
5481909,1460
5483369,1460
5486289,1460
5487749,892
5479557,1460
5484829,1460
5488641,1460
5490101,1460
5491561,1460
5493021,1460
5494481,1460
5495941,1460
5497401,1460
5498861,1460
5500321,1460
5501781,1460
5503241,1460
5504701,1460
5506161,1460
5507621,1460
5509081,1460
5510541,1460
5512001,1401
5513402,1460
5514862,1460
5516322,1460
5517782,1460
5519242,1460
5520702,1166
5521868,1460
5523328,1460
5524788,1460
5526248,1460
5527708,1460
5529168,973
5530141,1460
5531601,1460
5533061,1460
5535981,1460
5537441,612
5538053,1460
5539513,1460
5540973,1460
5542433,1460
5543893,1460
5545353,1460
5546813,1460
5548273,1460
5534521,1460
5549733,1460
5551193,1460
5552653,1460
5554113,64
5554177,1460
5555637,1460
5557097,1460
5558557,1460
5560017,1460
5561477,892
5562369,1460
5563829,1460
5565289,1460
5566749,1460
5568209,1460
5569669,892
5570561,1460
5572021,1460
5573481,1460
5574941,1460
5576401,1460
5577861,892
5580213,1460
5581673,1460
5583133,1460
5584593,1460
5586053,892
5578753,1460
5578753,1460
5586945,1460
5588405,1460
5589865,1460
5592785,1460
5594245,1460
5595705,1460
5597165,1460
5598625,1460
5600085,1460
5601545,1460
5603005,1460
5591325,1460
5604465,1460
5605925,1460
5607385,1460
5608845,1460
5610305,1368
5611673,1460
5613133,1460
5614593,1460
5616053,1460
5617513,1460
5618973,1263
5620236,1460
5621696,1460
5623156,1460
5624616,1460
5626076,1460
5628713,1460
5630173,1460
5631633,1460
5633093,1460
5634553,1460
5636013,822
5636835,1460
5638295,1460
5639755,1460
5627536,1460
5641215,1460
5644135,1460
5645595,1460
5647055,1460
5648515,1460
5649975,1460
5642675,1460
5642675,1460
5651435,1460
5652895,1460
5654355,1460
5655815,1460
5657275,1460
5658735,1460
5660195,1460
5661655,1460
5663115,1460
5664575,1460
5666035,1460
5667495,1460
5668955,1460
5670415,1460
5671875,1460
5673335,1460
5674795,1460
5676255,1460
5679175,1460
5680635,1460
5682095,1460
5683555,1460
5685015,1309
5686324,1460
5687784,1460
5689244,1460
5690704,1460
5677715,1460
5692164,1460
5693624,1460
5695084,1460
5696544,1460
5698004,1460
5699464,1460
5700924,1460
5702384,1460
5703844,1460
5706764,1460
5708224,1460
5709684,141
5709825,1460
5711285,1460
5712745,1460
5714205,1460
5705304,1460
5715665,1460
5718017,1460
5719477,1460
5720937,1460
5722397,1460
5723857,1460
5717125,1460
5725317,892
5726209,1460
5727669,1460
5729129,1460
5730589,1460
5732049,1460
5733509,892
5734401,1460
5735861,1460
5737321,1460
5738781,1460
5740241,1460
5741701,892
5744053,1460
5745513,1460
5746973,1460
5748433,1460
5749893,892
5742593,1460
5750785,1460
5752245,1460
5753705,1460
5755165,1460
5756625,1460
5758085,892
5758977,1460
5761897,1460
5763357,1460
5764817,1460
5766277,892
5760437,1460
5767169,1460
5768629,1460
5771549,1460
5773009,1460
5774469,892
5770089,1460
5775361,1460
5776821,1460
5778281,1460
5779741,1460
5781201,1460
5782661,892
5783553,1460
5785013,1460
5786473,1460
5787933,1460
5789393,1460
5790853,892
5791745,1460
5793205,1460
5794665,1460
5796125,1460
5797585,1460
5799045,892
5799937,1460
5801397,1460
5802857,1460
5804317,1460
5805777,1460
5807237,892
5808129,1460
5809589,1460
5811049,1460
5812509,1460
5813969,1460
5815429,892
5817781,1460
5819241,1460
5820701,1460
5822161,1460
5823621,892
5816321,1460
5824513,1460
5827433,1460
5828893,1460
5830353,1460
5831813,892
5825973,1460
5832705,1460
5834165,1460
5835625,1460
5837085,1460
5838545,1460
5840005,892
5840897,1460
5842357,1460
5843817,1460
5845277,1460
5846737,1460
5848197,892
5850549,1460
5852009,1460
5854929,1460
5856389,892
5849089,1460
5853469,1460
5857281,1460
5858741,1460
5860201,1460
5861661,1460
5863121,1460
5866041,1460
5867501,1460
5868961,1460
5870421,1460
5871881,1460
5864581,1460
5873341,1460
5874801,1460
5876261,1460
5877721,1460
5879181,1460
5882036,1460
5883496,1460
5886416,1460
5887876,1460
5880641,1460
5889336,1460
5884956,470
5885426,990
5885426,1460
5885426,1460
5893716,1460
5895176,1460
5890796,1460
5898096,1460
5899556,1460
5892256,1460
5901016,1460
5902476,1460
5896636,1460
5903936,1460
5905396,1460
5906856,1460
5908316,1460
5909776,1460
5911236,1460
5912696,1460
5914156,921
5915077,1460
5916537,1460
5919457,1460
5920917,1460
5922377,1222
5923599,1460
5925059,1460
5926519,1460
5927979,1460
5929439,1460
5917997,1460
5930899,1460
5932359,1460
5933819,1460
5935279,1460
5936739,1460
5938199,1460
5939659,1460
5941119,1460
5942579,1460
5944039,1460
5945499,1460
5946959,1377
5948336,1460
5949796,1460
5951256,1460
5952716,1460
5954176,1460
5955636,1460
5957096,1460
5958556,1460
5960016,1460
5961476,1460
5962936,841
5965237,1460
5966697,1460
5969617,1460
5963777,1460
5971969,1460
5973429,1460
5968157,1460
5971077,1460
5973997,1460
5975457,1460
5976917,1460
5978377,1460
5979837,1460
5981297,1460
5982757,1460
5985677,1460
5987137,1460
5988597,1460
5990057,1460
5991517,1460
5992977,1460
5984217,1460
5997357,1460
5998817,1460
6000277,1460
6001737,1460
5994437,1460
5995897,1460
6003197,1460
6006117,1460
6007577,1460
6009037,1460
6010497,1460
6004657,1460
6011957,1460
6013417,1460
6014877,1460
6017797,1460
6019257,1460
6020717,783
6021500,1460
6022960,1460
6016337,1460
6024420,1460
6025880,1460
6027340,1460
6028800,1283
6030083,1460
6031543,1460
6033003,1460
6034463,1460
6035923,1460
6037505,1460
6038965,1460
6040425,1460
6041885,1460
6037383,1460
6044805,1460
6046265,1460
6043345,1460
6047725,1460
6049185,1460
6050645,1460
6052105,1460
6053565,1460
6055025,1460
6056485,1460
6057945,1460
6059405,1460
6062325,1460
6063785,1460
6065245,1460
6066705,1460
6068165,1460
6069625,1460
6060865,1460
6071085,1460
6072545,1460
6074005,1460
6075465,1460
6076925,1460
6078385,514
6078899,1460
6080359,1460
6081819,1460
6083279,1460
6084739,1460
6086199,1460
6087659,1460
6090579,1460
6092039,1460
6094959,1460
6096419,1460
6097879,1460
6099339,1460
6089119,1460
6093499,1460
6100799,1460
6102259,1460
6103719,1460
6105179,1460
6106639,1460
6108099,1460
6109559,1460
6111019,214
6111233,1460
6112693,1460
6114153,1460
6115613,1460
6117073,1460
6118533,892
6119425,1460
6120885,1460
6122345,1460
6123805,1460
6125265,1460
6126725,892
6127617,1460
6129077,1460
6130537,1460
6131997,1460
6133457,1460
6135809,1460
6137269,1460
6138729,1460
6140189,1460
6141649,1460
6143109,892
6134917,1460
6145461,1460
6146921,1460
6148381,1460
6149841,1460
6151301,892
6144001,1460
6155113,1460
6156573,1460
6158033,1460
6152193,1460
6153653,1460
6159493,1460
6160953,1460
6162413,1460
6163873,1460
6165333,1460
6166793,1460
6168253,1460
6169713,1460
6171173,1460
6172633,1460
6174093,1460
6177013,1460
6178473,1460
6179933,1460
6181393,1460
6182853,1460
6184313,1280
6185593,1460
6187053,1460
6188513,1460
6189973,1460
6191433,1460
6194353,1460
6195813,1460
6197273,1460
6198733,1460
6192893,1460
6200193,1460
6201653,1460
6203113,1460
6204573,1460
6206033,1460
6207493,1460
6208953,1460
6210413,1460
6211873,1460
6213333,1460
6214793,1460
6216253,1460
6217713,1460
6175553,1460
6220633,1460
6222093,1460
6219173,1460
6222093,1460
6223553,1460
6225013,1460
6226473,1460
6227933,1460
6229393,1460
6230853,1460
6232313,1460
6233773,1460
6235233,1460
6236693,1460
6238153,1460
6239613,1460
6241073,1232
6242305,1460
6243765,1460
6245225,1460
6246685,1460
6248145,1460
6249605,892
6250497,1460
6251957,1460
6253417,1460
6254877,1460
6256337,1460
6258689,1460
6261609,1460
6263069,1460
6265989,892
6257797,1460
6266881,1460
6260149,1460
6268341,1460
6269801,1460
6264529,1460
6271261,1460
6272721,1460
6274181,1460
6275641,1460
6277101,1460
6278561,1460
6280021,1460
6281481,1460
6282941,1083
6284024,1460
6285484,1460
6286944,1460
6288404,1460
6289864,1460
6291324,915
6293699,1460
6295159,1460
6296619,1460
6298079,1460
6299539,426
6301425,1460
6302885,1460
6305805,1460
6307265,1460
6292239,1460
6308725,1460
6299965,1460
6304345,1460
6311645,1460
6313105,1460
6314565,1460
6316025,1460
6317485,1460
6318945,1460
6320405,1460
6310185,1460
6321865,1460
6326245,1460
6327705,1460
6329165,1460
6330625,1460
6323325,1460
6324785,1460
6324785,1460
6332085,1460
6333545,1460
6335005,1460
6336465,1460
6337925,1460
6339385,1460
6340845,1460
6342305,1460
6345225,1460
6346685,1460
6348145,1159
6349304,1460
6350764,1460
6352224,1460
6353684,1460
6355144,1460
6343765,1460
6356604,1460
6358064,1460
6359524,1460
6360984,1460
6362444,1460
6363904,1460
6365364,1460
6366824,1460
6369744,1460
6371204,1460
6372664,1460
6374124,1460
6375584,1460
6377044,1460
6368284,1460
6379964,1460
6381424,1460
6382884,1460
6384344,1460
6378504,1460
6385804,1460
6387264,1460
6388724,1460
6390184,1460
6391644,1460
6393104,1460
6394564,1460
6396024,1460
6397484,469
6397953,1460
6399413,1460
6402333,1460
6403793,1460
6405253,892
6406145,1460
6407605,1460
6400873,1460
6409065,1460
6410525,1460
6411985,1460
6413445,892
6414337,1460
6415797,1460
6417257,1460
6418717,1460
6420177,1460
6422529,1460
6423989,1460
6425449,1460
6428369,1460
6421637,1460
6426909,1460
6431289,1460
6434209,1460
6429829,1460
6435669,1460
6437129,1460
6432749,1460
6438589,1460
6440049,1460
6442969,1460
6444429,1460
6445889,1460
6447349,1460
6441509,1460
6448809,1460
6451729,1460
6453189,1460
6454649,942
6450269,1460
6455591,1460
6457051,1460
6458511,1460
6459971,1460
6462891,1460
6464351,1460
6465811,1460
6467271,1460
6461431,1460
6468731,1460
6470191,1460
6471651,486
6472137,1460
6473597,1460
6475057,1460
6476517,1460
6477977,1460
6479437,1198
6480635,1460
6482095,1460
6483555,1460
6485015,1460
6486475,1460
6487935,732
